{"fragments": [{"start": 0, "end": 2.249999999999998, "fragment-type": "normal"}, {"start": 2.249999999999998, "end": 8.750000000000004, "fragment-type": "normal"}, {"start": 8.750000000000004, "end": 10.250000000000053, "fragment-type": "normal"}, {"start": 10.250000000000053, "end": 11.750000000000103, "fragment-type": "normal"}]}